{"North": [[3.4295, 3.2335000000000003, 3.58, 3.7744999999999997, 3.78, 2.949, 2.6395, 2.67, 2.53, 2.8785, 2.7989999999999995, 3.0595], [5.265000000000001, 4.805, 5.275, 5.62, 5.675, 4.79, 4.195, 4.13, 4.11, 4.46, 4.175000000000001, 4.630000000000001], [7.0920000000000005, 7.1555, 7.07, 7.666500000000001, 7.9905, 6.7155000000000005, 6.074500000000001, 6.25, 5.9030000000000005, 6.4905, 6.192, 6.570500000000001], [3.09, 3.4045, 3.34, 3.57, 3.71, 3.3244999999999996, 3.2195, 3.4194999999999998, 3.12, 3.1795, 2.76, 3.01], [4.640000000000001, 4.88, 4.82, 5.13, 5.08, 4.205, 4.295, 4.445, 4.1850000000000005, 4.395, 4.12, 4.325], [6.671500000000001, 6.8555, 6.8305, 7.51, 7.0505, 5.8, 5.7415, 5.982000000000001, 5.7410000000000005, 6.08, 6.0555, 6.3305]], "Center_MNIG": [[3.1494999999999997, 3.3145, 4.1095, 4.33, 4.95, 4.6145, 4.6995, 5.2085, 3.859, 3.709, 3.08, 3.22], [4.44, 4.875, 5.734999999999999, 6.045, 6.57, 6.41, 6.545, 7.29, 4.96, 5.18, 4.28, 4.605], [6.530500000000001, 6.851000000000001, 7.611000000000001, 7.926500000000001, 8.1905, 7.916500000000001, 8.13, 8.440499999999998, 6.521000000000001, 6.7605, 6.212000000000001, 6.7415], [2.8689999999999998, 3.21, 3.3695, 3.1845, 3.34, 3.6134999999999997, 4.029, 4.37, 3.337999999999999, 3.1, 2.4545, 2.8495], [4.42, 5.025, 4.765, 4.715, 4.63, 5.36, 5.4, 5.585, 4.505, 4.495, 3.865, 4.465], [6.6515, 6.847500000000001, 6.370500000000001, 7.25, 6.332, 6.8055, 6.71, 6.7, 5.942, 6.23, 5.84, 6.641]], "Center_UCOE": [[2.3594999999999997, 2.5345, 2.9690000000000003, 3.09, 3.1595, 2.38, 2.03, 2.05, 2.2245, 1.97, 1.6934999999999996, 1.9594999999999998], [3.42, 3.37, 3.87, 3.89, 4.0649999999999995, 3.31, 2.79, 2.895, 3.04, 2.745, 2.5949999999999998, 2.78], [4.3005, 4.34, 4.75, 4.9254999999999995, 4.98, 4.195500000000001, 3.6610000000000005, 3.6805000000000003, 3.7954999999999997, 3.7510000000000003, 3.41, 3.6505], [1.8094999999999999, 2.09, 2.3869999999999996, 2.9844999999999997, 2.6494999999999997, 2.18, 1.6694999999999998, 1.85, 1.87, 2.03, 1.67, 1.7994999999999999], [2.59, 2.94, 3.5949999999999998, 4.02, 3.86, 3.245, 2.4, 2.69, 2.71, 2.955, 2.42, 2.54], [3.6905, 3.89, 4.52, 4.8, 4.7905, 4.2055, 3.3, 3.5010000000000003, 3.5755, 3.771, 3.4155, 3.4210000000000003]], "South": [[3.3495, 3.79, 3.74, 3.84, 3.7895, 3.69, 3.2095000000000002, 3.3495, 3.2544999999999997, 3.06, 3.2489999999999997, 3.1889999999999996], [5.08, 5.635, 5.005, 5.475, 5.71, 5.27, 4.225, 4.449999999999999, 4.25, 4.545, 4.615, 4.574999999999999], [7.9315, 7.859999999999999, 7.061, 6.9865, 7.82, 7.176500000000001, 5.7010000000000005, 5.9, 6.0954999999999995, 6.8615, 6.67, 7.362500000000001], [3.1489999999999996, 4.599, 3.65, 3.75, 3.76, 4.17, 2.99, 2.9595000000000002, 2.29, 2.459, 2.8489999999999998, 3.13], [4.789999999999999, 5.905, 5.05, 5.06, 5.31, 5.43, 4.01, 4.205, 3.62, 4.26, 4.09, 4.9], [7.060499999999999, 7.21, 6.471, 6.57, 6.5905, 6.6265, 5.08, 5.291, 5.001, 6.442000000000001, 5.611000000000001, 7.21]]}