{"North": [[3.02, 3.0, 2.97, 2.95, 2.89, 2.81, 2.62, 2.39, 2.33, 2.42, 2.66, 2.94, 3.22, 3.42, 3.48, 3.47, 3.44, 3.38, 3.2995, 3.17, 3.0795000000000003, 3.02, 3.0, 3.02], [4.75, 4.745, 4.75, 4.68, 4.61, 4.46, 4.25, 3.99, 3.82, 3.79, 3.94, 4.23, 4.51, 4.73, 4.91, 4.95, 4.97, 4.98, 4.99, 4.855, 4.78, 4.71, 4.71, 4.73], [6.8, 6.83, 6.82, 6.790500000000002, 6.730500000000003, 6.59, 6.33, 6.11, 5.94, 5.85, 5.86, 6.04, 6.36, 6.600500000000001, 6.77, 6.88, 6.910500000000002, 6.980500000000003, 7.02, 6.920500000000001, 6.76, 6.73, 6.74, 6.75]], "Center_MNIG": [[3.52, 3.43, 3.31, 3.23, 3.1795000000000004, 3.1, 2.98, 2.8295000000000003, 2.69, 2.71, 2.83, 3.07, 3.3, 3.54, 3.77, 4.04, 4.32, 4.46, 4.4095, 4.17, 3.95, 3.7995, 3.69, 3.63], [4.98, 4.88, 4.74, 4.64, 4.57, 4.46, 4.35, 4.26, 4.225, 4.26, 4.33, 4.54, 4.8, 5.12, 5.41, 5.64, 5.88, 6.13, 6.04, 5.77, 5.54, 5.335, 5.19, 5.09], [6.59, 6.44, 6.330500000000002, 6.24, 6.13, 5.99, 5.96, 6.03, 6.18, 6.28, 6.280500000000002, 6.34, 6.53, 6.77, 7.09, 7.380500000000001, 7.640500000000001, 7.83, 7.84, 7.72, 7.48, 7.19, 6.96, 6.75]], "Center_UCOE": [[1.54, 1.46, 1.4, 1.38, 1.4, 1.44, 1.44, 1.36, 1.37, 1.5, 1.64, 1.81, 2.0, 2.22, 2.39, 2.58, 2.72, 2.73, 2.65, 2.47, 2.29, 2.07, 1.84, 1.68], [2.31, 2.24, 2.18, 2.15, 2.15, 2.2, 2.19, 2.12, 2.16, 2.24, 2.43, 2.65, 2.94, 3.25, 3.48, 3.72, 3.93, 3.96, 3.84, 3.55, 3.2, 2.91, 2.63, 2.42], [3.26, 3.2, 3.14, 3.1, 3.09, 3.14, 3.1, 3.08, 3.13, 3.15, 3.3, 3.61, 4.02, 4.43, 4.82, 5.14, 5.3705000000000025, 5.41, 5.14, 4.660500000000002, 4.180500000000001, 3.81, 3.54, 3.38]], "South": [[3.1, 3.09, 3.08, 3.06, 3.03, 3.05, 2.92, 2.69, 2.95, 3.18, 3.2, 3.22, 3.23, 3.28, 3.39, 3.5, 3.57, 3.55, 3.57, 3.52, 3.42, 3.31, 3.22, 3.13], [4.79, 4.72, 4.69, 4.635, 4.595, 4.61, 4.56, 4.55, 4.69, 4.77, 4.76, 4.72, 4.7, 4.69, 4.74, 4.8, 4.85, 4.83, 4.775, 4.795, 4.85, 4.9, 4.9, 4.86], [6.86, 6.77, 6.73, 6.7, 6.66, 6.67, 6.68, 6.72, 6.72, 6.66, 6.520500000000001, 6.36, 6.25, 6.18, 6.150500000000003, 6.16, 6.21, 6.33, 6.510500000000002, 6.72, 6.880500000000001, 7.01, 7.020500000000001, 6.96]]}