{"North": [[223.9325, 219.76500000000001, 212.02550000000002, 194.72050000000002, 178.54350000000002, 160.445, 154.88449999999997, 152.999, 150.73, 158.13699999999997, 170.04200000000003, 184.535, 196.6575, 203.65, 210.39900000000003, 214.41949999999997, 217.56799999999998, 221.5835, 229.63899999999998, 224.48, 213.974, 213.15900000000002, 221.0095, 225.895], [284.23, 285.91499999999996, 286.675, 286.48, 285.835, 284.16499999999996, 283.155, 280.77, 275.125, 268.115, 265.025, 265.2, 266.95, 269.4, 272.86, 276.19, 278.89, 281.86, 286.225, 286.45, 283.38, 281.135, 281.49, 282.97], [315.8305, 316.0925, 316.69, 316.77, 317.3715, 316.5505, 316.8205, 317.07, 314.3605, 310.3025, 306.33, 302.81, 300.92100000000005, 300.55150000000003, 302.51, 304.7305, 307.3305, 310.85, 315.44, 317.94, 317.841, 315.97100000000006, 315.1605, 315.0]], "Center-MNIG": [[135.31, 139.78799999999998, 142.89950000000002, 144.14, 145.4895, 146.04600000000002, 149.09, 144.749, 130.39950000000002, 109.45899999999999, 92.15599999999999, 81.50800000000001, 75.369, 71.308, 71.0595, 71.0195, 72.69850000000001, 75.3995, 79.78850000000001, 88.597, 99.59949999999999, 111.15899999999999, 121.859, 129.61], [159.78, 165.185, 169.7, 173.715, 177.39, 181.46, 183.335, 176.465, 166.64, 156.675, 147.53, 136.975, 126.42500000000001, 117.335, 111.92, 107.64500000000001, 105.505, 105.955, 110.475, 118.72, 128.03, 136.755, 145.635, 153.13], [202.26250000000002, 215.883, 225.70149999999998, 233.5605, 239.3315, 243.43, 245.45049999999998, 243.5005, 241.7225, 242.22650000000002, 239.4435, 226.13450000000003, 210.478, 178.71500000000003, 155.59600000000003, 142.59150000000002, 134.041, 129.36, 130.201, 137.68, 149.481, 160.66049999999998, 171.20049999999998, 185.1955]], "Center-UCOE": [[89.98800000000001, 75.669, 67.1875, 58.506499999999996, 51.519000000000005, 47.26800000000001, 48.2095, 59.909499999999994, 71.22, 80.91799999999999, 93.9975, 122.77950000000001, 155.31949999999998, 177.629, 192.32350000000002, 200.65900000000002, 204.14, 203.32950000000002, 199.93949999999998, 193.6275, 184.77550000000002, 163.83849999999998, 133.91649999999998, 106.41799999999999], [213.92, 204.67000000000002, 187.375, 150.86, 111.87, 92.125, 87.64, 113.2, 158.53, 184.51999999999998, 200.36, 208.575, 214.5, 219.02, 222.655, 225.48, 226.845, 226.39, 225.425, 222.64999999999998, 220.83, 220.15, 219.125, 218.07], [259.23, 262.3435, 262.23600000000005, 252.4715, 236.2605, 216.45049999999998, 208.24550000000002, 240.0605, 251.673, 250.03000000000006, 247.96400000000003, 245.15050000000002, 244.456, 244.52, 245.341, 246.95, 246.34050000000002, 244.11150000000004, 243.0605, 244.65, 247.64049999999997, 251.693, 255.341, 257.5975]], "South": [[71.7, 71.07950000000001, 70.32950000000001, 69.31, 67.6895, 66.95949999999999, 67.3095, 69.408, 71.87950000000001, 72.76, 73.41799999999999, 73.22550000000001, 72.1685, 69.95899999999999, 68.348, 66.54, 65.4295, 65.31949999999999, 65.6885, 66.88850000000001, 67.94850000000001, 69.40849999999999, 70.98949999999999, 71.48949999999999], [95.49, 96.0, 96.155, 95.645, 95.44, 95.485, 95.57499999999999, 97.155, 99.265, 100.80000000000001, 101.88, 102.77, 102.64500000000001, 100.95500000000001, 98.825, 96.045, 92.92500000000001, 91.385, 90.09, 90.155, 90.72999999999999, 91.86500000000001, 93.58, 94.99], [116.19, 118.331, 119.3205, 120.00200000000001, 120.3405, 120.7005, 121.3605, 123.221, 124.9625, 126.641, 127.68050000000001, 128.351, 128.3025, 126.77, 124.42250000000001, 120.76100000000001, 116.6305, 113.75200000000001, 111.801, 110.86, 110.16, 110.67150000000001, 112.3905, 114.2305]]}