{"North": [[0.04999999999999999, 0.04999999999999999, 0.04999999999999999, 0.04999999999999999, 0.04999999999999999, 0.04999999999999999, 0.04999999999999999, 0.04999999999999999, 0.04999999999999999, 0.04999999999999999, 0.04999999999999999, 0.04999999999999999], [0.09999999999999998, 0.09999999999999998, 0.09999999999999998, 0.09999999999999998, 0.09999999999999998, 0.09999999999999998, 0.09999999999999998, 0.09999999999999998, 0.09999999999999998, 0.09999999999999998, 0.09999999999999998, 0.09999999999999998], [0.14999999999999997, 0.14999999999999997, 0.14999999999999997, 0.14999999999999997, 0.14999999999999997, 0.14999999999999997, 0.14999999999999997, 0.14999999999999997, 0.14999999999999997, 0.14999999999999997, 0.14999999999999997, 0.14999999999999997], [77.68699999999997, 217.008, 262.41700000000003, 269.32449999999994, 272.2495, 259.61699999999996, 189.768, 246.9665, 240.80649999999997, 149.87849999999997, 152.94399999999996, 102.0795], [277.23, 280.85, 296.355, 296.005, 291.69, 281.205, 272.775, 281.49, 282.26, 281.93, 277.55, 277.25], [324.007, 315.86650000000003, 321.91150000000005, 319.388, 315.5225, 308.4685, 307.5635, 311.3735, 311.244, 316.16350000000006, 317.4295, 319.18]], "Center_MNIG": [[0.04999999999999999, 0.04999999999999999, 0.04999999999999999, 0.04999999999999999, 0.04999999999999999, 0.04999999999999999, 0.04999999999999999, 0.04999999999999999, 0.04999999999999999, 0.04999999999999999, 0.04999999999999999, 0.04999999999999999], [0.09999999999999998, 0.09999999999999998, 0.09999999999999998, 0.09999999999999998, 0.09999999999999998, 0.09999999999999998, 0.09999999999999998, 0.09999999999999998, 0.09999999999999998, 0.09999999999999998, 0.09999999999999998, 0.09999999999999998], [0.14999999999999997, 0.14999999999999997, 0.14999999999999997, 0.14999999999999997, 0.14999999999999997, 0.14999999999999997, 0.14999999999999997, 0.14999999999999997, 0.14999999999999997, 0.14999999999999997, 0.14999999999999997, 0.14999999999999997], [134.6105, 146.927, 131.72750000000002, 135.1295, 133.49749999999997, 134.77999999999997, 137.62800000000001, 137.989, 118.21, 126.94149999999999, 149.171, 151.61350000000002], [176.125, 179.345, 159.82, 161.53, 155.14499999999998, 149.905, 156.135, 154.62, 143.48000000000002, 154.29000000000002, 182.25, 205.28], [233.494, 241.2815, 204.6335, 207.4605, 174.622, 165.94549999999998, 176.704, 171.8835, 164.58499999999998, 199.407, 244.41899999999998, 257.944]], "Center_UCOE": [[0.04999999999999999, 0.04999999999999999, 0.04999999999999999, 0.04999999999999999, 0.04999999999999999, 0.04999999999999999, 0.04999999999999999, 0.04999999999999999, 0.04999999999999999, 0.04999999999999999, 0.04999999999999999, 0.04999999999999999], [0.09999999999999998, 0.09999999999999998, 0.09999999999999998, 0.09999999999999998, 0.09999999999999998, 0.09999999999999998, 0.09999999999999998, 0.09999999999999998, 0.09999999999999998, 0.09999999999999998, 0.09999999999999998, 0.09999999999999998], [0.14999999999999997, 0.14999999999999997, 0.14999999999999997, 0.14999999999999997, 0.14999999999999997, 0.14999999999999997, 0.14999999999999997, 0.14999999999999997, 0.14999999999999997, 0.14999999999999997, 0.14999999999999997, 0.14999999999999997], [55.909499999999994, 100.9685, 127.42399999999999, 148.61599999999999, 172.691, 178.331, 86.58, 94.07499999999997, 96.74099999999993, 70.8415, 64.746, 53.1245], [131.43, 209.925, 211.29, 211.5, 224.25, 222.55, 224.76, 226.33999999999997, 229.585, 217.845, 202.285, 138.375], [243.05, 258.05550000000005, 257.29400000000004, 250.64149999999998, 257.241, 259.267, 273.0175, 267.9965, 271.384, 257.7895, 264.79150000000004, 241.896]], "South": [[0.04999999999999999, 0.04999999999999999, 0.04999999999999999, 0.04999999999999999, 0.04999999999999999, 0.04999999999999999, 0.04999999999999999, 0.04999999999999999, 0.04999999999999999, 0.04999999999999999, 0.04999999999999999, 0.04999999999999999], [0.09999999999999998, 0.09999999999999998, 0.09999999999999998, 0.09999999999999998, 0.09999999999999998, 0.09999999999999998, 0.09999999999999998, 0.09999999999999998, 0.09999999999999998, 0.09999999999999998, 0.09999999999999998, 0.09999999999999998], [0.14999999999999997, 0.14999999999999997, 0.14999999999999997, 0.14999999999999997, 0.14999999999999997, 0.14999999999999997, 0.14999999999999997, 0.14999999999999997, 0.14999999999999997, 0.14999999999999997, 0.14999999999999997, 0.14999999999999997], [37.881499999999996, 80.54, 61.837500000000006, 85.3745, 85.8985, 91.99, 74.31849999999999, 81.6645, 70.0175, 66.049, 50.325, 62.156499999999994], [64.94, 96.91999999999999, 94.515, 108.66, 106.845, 104.21000000000001, 92.16499999999999, 93.33000000000001, 91.035, 90.795, 77.345, 102.47], [117.4515, 112.231, 114.3035, 126.125, 121.54800000000002, 114.2325, 107.802, 105.11, 115.8805, 121.0385, 109.69300000000001, 145.0175]]}