{"North": [[81.4485, 208.388, 261.213, 261.97599999999994, 263.8135, 249.062, 200.0585, 210.90599999999998, 203.632, 189.89349999999996, 191.644, 82.52949999999998], [286.55999999999995, 277.09000000000003, 297.375, 291.83500000000004, 287.905, 282.065, 273.55499999999995, 281.96000000000004, 277.95000000000005, 287.195, 279.8, 271.27], [325.205, 315.783, 325.102, 321.725, 314.902, 310.229, 311.456, 313.446, 315.384, 323.216, 320.645, 320.94200000000006], [166.94749999999996, 211.22899999999998, 236.1805, 228.2615, 234.9655, 207.0245, 174.9175, 167.4875, 191.93449999999996, 156.41849999999997, 151.14949999999996, 184.85049999999995], [280.975, 266.08500000000004, 284.97, 281.13, 270.905, 256.905, 244.97, 256.9, 254.57, 262.915, 267.24, 279.45], [316.92350000000005, 300.572, 311.69550000000004, 303.779, 294.48400000000004, 285.1145, 287.981, 293.789, 291.97, 304.597, 299.1255, 317.354]], "Center-MNIG": [[93.487, 96.604, 83.8275, 93.4975, 98.8865, 108.58349999999999, 106.7195, 109.08749999999999, 91.388, 92.3485, 104.1235, 112.67450000000001], [139.04, 141.945, 120.475, 127.85499999999999, 122.88499999999999, 123.185, 127.66, 123.71000000000001, 119.555, 127.95, 146.54000000000002, 155.62], [178.97, 182.98450000000003, 142.0995, 151.85699999999997, 134.11350000000002, 136.3555, 139.37400000000002, 136.06199999999998, 134.3375, 149.345, 209.66250000000002, 233.3375], [85.83149999999999, 118.45250000000001, 78.05, 88.05950000000001, 69.79149999999998, 68.0945, 65.1, 70.2665, 69.83500000000001, 72.88, 91.40799999999999, 100.77649999999998], [157.62, 173.14, 146.69, 150.665, 119.92500000000001, 105.66499999999999, 96.14, 97.535, 105.77, 121.65, 166.055, 180.12], [282.6395, 270.9085, 270.54050000000007, 272.646, 157.74000000000004, 133.085, 130.2105, 125.755, 134.096, 186.06150000000005, 288.925, 293.4125]], "Center-UCOE": [[86.46799999999999, 203.4185, 201.28, 200.7525, 193.104, 184.49699999999999, 133.52699999999996, 175.965, 157.25549999999998, 142.83749999999995, 141.274, 131.27199999999993], [216.13, 224.755, 219.18, 217.95, 219.57, 210.89, 222.60500000000002, 222.77, 224.61, 219.065, 225.47, 228.99], [247.26200000000003, 254.25900000000001, 237.1215, 238.4755, 242.024, 233.721, 250.43550000000002, 247.777, 251.173, 246.6235, 260.97950000000003, 273.627], [95.55449999999999, 202.5195, 199.6385, 210.005, 209.279, 149.03149999999994, 90.992, 125.02849999999997, 107.64099999999996, 98.76849999999999, 129.8775, 151.374], [187.14499999999998, 228.785, 223.44, 226.815, 230.305, 200.515, 197.9, 203.77, 190.745, 194.60000000000002, 212.54000000000002, 222.325], [243.91000000000003, 256.114, 246.1115, 252.42200000000003, 263.228, 228.0655, 237.409, 235.308, 229.81099999999998, 232.355, 246.98, 250.3885]], "South": [[39.2865, 81.41900000000001, 64.5075, 78.338, 85.45499999999998, 88.51650000000001, 66.899, 73.1495, 64.84649999999999, 64.36049999999999, 49.6545, 59.376999999999995], [61.81, 95.88499999999999, 95.61, 103.955, 102.73, 99.78, 86.09, 87.49000000000001, 81.66, 85.36500000000001, 72.805, 93.965], [99.7515, 109.4685, 114.702, 120.2795, 116.0515, 110.3195, 101.895, 98.75, 103.773, 108.683, 101.29650000000001, 128.181], [32.564, 86.9485, 63.672999999999995, 94.9985, 94.712, 96.6645, 68.46050000000001, 82.1155, 63.846999999999994, 64.73949999999999, 53.653999999999996, 58.727999999999994], [65.905, 106.7, 109.505, 117.395, 117.195, 115.695, 90.20500000000001, 100.605, 87.505, 94.68, 84.42, 114.455], [128.58100000000002, 122.4085, 131.0215, 138.6995, 133.83100000000002, 126.3315, 115.2025, 118.64750000000001, 113.16950000000001, 131.507, 127.94099999999999, 159.283]]}